id;nombre;apellido;email;telefono;fecha_nacimiento
1;widow below;off guilty galvanize;Esperanza17@gmail.com;disapprove talkative hence;2026-09-22
2;judicious;phew along mmm;Guillermo24@yahoo.com;save phew;2026-09-21
3;voluntarily yowza quarrelsomely;abscond seriously;Carlota82@gmail.com;thyme athwart;2026-09-22
4;fit lobster why;sandbar huzzah curl;Lucia_MunguiaCastellanos23@hotmail.com;ick decisive eek;2026-09-21
5;um;wetly stigmatize minus;Mario91@hotmail.com;hence stigmatize mysterious;2026-09-22
6;negative;er fervently uselessly;Julio.MaldonadoAguilar@hotmail.com;outrageous conclude;2026-09-22
7;yippee round um;splash crossly;Francisco55@gmail.com;teammate thorny in;2026-09-22
8;um once hidden;ha;Laura_NavarreteAdorno@gmail.com;equally ick;2026-09-21
9;grok yuck pocket-watch;better pfft fluctuate;Mariana.BustamanteGaray@yahoo.com;deduction;2026-09-22
10;verbally ferociously unibody;inveigle;Silvia12@hotmail.com;thoughtfully unnaturally;2026-09-22
